Workbook

Sheet 1 PRIM A
A1: NOM POSTNOM PRENOM | B1: DISCIPLINE | C1: PONDERATION
C2: P1 | D2: P2 | E2: EX | F2: S1 | G2: P3 | H2: P4 | I2: EX | J2: S2 | K2: P5 | L2: P6 | M2: EX | N2: S3 | O2: TG
A3: CELESTIN MBAYA | B3: EXPRESSION ORALE | C3: 20
B4: EXPRESSION ECRITE | C4: 20
B5: VOCABULAIRE | C5: 10
B6: EXPRESSION ORALE | C6: 20
B7: LANGUES CONGOLAISES | C7: 30
B8: MESURE DES GRANDEURS | C8: 10
B9: FORMES GEOMETRIQUES | C9: 10
B10: NUMERATION | C10: 20
B11: OPERATIONS | C11: 20
B12: PROBLEMES | C12: 20
B13: SCIENCES D’EVEIL | C13: 10
B14: TECNOLOGIES | C14: 10
B15: ED CIV ET MORALE | C15: 10
... B21: RELIGION | C21: 10

Sheet 1 PRIM B
A1: NOM POSTNOM PRENOM | B1: COURS / 1ere B | C1: PONDERATION
C2: ='1 PRIM A'!C2 -> P1 | D2: ='1 PRIM A'!D2 -> P2 | E2: ='1 PRIM A'!E2 -> EX | F2: ='1 PRIM A'!F2 -> S1 | G2: ='1 PRIM A'!G2 -> P3 | H2: ='1 PRIM A'!H2 -> P4 | I2: ='1 PRIM A'!I2 -> EX | J2: ='1 PRIM A'!J2 -> S2 | ... O2: ='1 PRIM A'!O2 -> TG
A3: WAGUMIA VICTORINE | B3: EXPRESSION ORALE | C3: ='1 PRIM A'!C3 -> 20
B4: EXPRESSION ECRITE | C4: ='1 PRIM A'!C4 -> 20
B5: VOCABULAIRE | C5: ='1 PRIM A'!C5 -> 10
B6: EXPRESSION ORALE | C6: ='1 PRIM A'!C6 -> 20
B7: LECTURE ECRITURE | C7: ='1 PRIM A'!C7 -> 30
B8: MESURE DES GRANDEURS | C8: ='1 PRIM A'!C8 -> 10
B9: FORMES GEOMETRIQUES | C9: ='1 PRIM A'!C9 -> 10
B10: NUMERATION | C10: ='1 PRIM A'!C10 -> 20
B11: OPERATIONS | C11: ='1 PRIM A'!C11 -> 20
B12: PROBLEMES | C12: ='1 PRIM A'!C12 -> 20
B13: SCIENCES D’EVEIL | C13: ='1 PRIM A'!C13 -> 10
B14: TECNOLOGIES | C14: ='1 PRIM A'!C14 -> 10
B15: ED CIV ET MORALE | C15: ='1 PRIM A'!C15 -> 10
... B21: RELIGION | C21: ='1 PRIM A'!C21 -> 10

Sheet 2 PRIM
A1: NOM POSTNOM PRENOM | B1: COURS / 2 eme | C1: PONDERATION
C2: ='1 PRIM B'!C2 -> P1 | D2: ='1 PRIM B'!D2 -> P2 | E2: ='1 PRIM B'!E2 -> EX | F2: ='1 PRIM B'!F2 -> S1 | G2: ='1 PRIM B'!G2 -> P3 | H2: ='1 PRIM B'!H2 -> P4 | I2: ='1 PRIM B'!I2 -> EX | J2: ='1 PRIM B'!J2 -> S2 | ... O2: ='1 PRIM B'!O2 -> TG
B3: EXPRESSION ORALE | C3: ='1 PRIM B'!C3 -> 20
B4: EXPRESSION ECRITE | C4: ='1 PRIM B'!C4 -> 20
B5: VOCABULAIRE | C5: ='1 PRIM B'!C5 -> 10
B6: EXPRESSION ORALE | C6: ='1 PRIM B'!C6 -> 20
B7: LECTURE ECRITURE | C7: ='1 PRIM B'!C7 -> 30
B8: MESURE DES GRANDEURS | C8: ='1 PRIM B'!C8 -> 10
B9: FORMES GEOMETRIQUES | C9: ='1 PRIM B'!C9 -> 10
B10: NUMERATION | C10: ='1 PRIM B'!C10 -> 20
B11: OPERATIONS | C11: ='1 PRIM B'!C11 -> 20
B12: PROBLEMES | C12: ='1 PRIM B'!C12 -> 20
B13: SCIENCES D’EVEIL | C13: ='1 PRIM B'!C13 -> 10
B14: TECNOLOGIES | C14: ='1 PRIM B'!C14 -> 10
... B21: RELIGION | C21: ='1 PRIM B'!C21 -> 10

Sheet 3 PRIM
A1: NOM POSTNOM PRENOM | B1: COURS / 3eme | C1: PONDERATION
C2: ='2 PRIM'!C2 -> P1 | D2: ='2 PRIM'!D2 -> P2 | E2: ='2 PRIM'!E2 -> EX | F2: ='2 PRIM'!F2 -> S1 | G2: ='2 PRIM'!G2 -> P3 | H2: ='2 PRIM'!H2 -> P4 | I2: ='2 PRIM'!I2 -> EX | J2: ='2 PRIM'!J2 -> S2 | ... O2: ='2 PRIM'!O2 -> TG
A3: JONAS KONGOLO | B3: EXPRESSION ORALE ET VOCABULAIRE | C3: 10
B4: GRAMMAIRE ET CONJUGAISON | C4: 10
B5: ORTHOGRAPHE ET REDACTION | C5: 5
B6: EXPRESSION ORALE RECITATION ET VOC | C6: 10
B7: ORTH PHRASE. ECRIT RED | C7: 10
B8: GRAMMAIRE CONJUGAISON ANALYSE | C8: 15
B9: LANGUES CONGOLAISE | C9: 30
B10: LANGUES FRA. | C10: 30
B11: MESURES DES GRANDEURS | C11: 10
B12: FORMES GEOMETRIES | C12: 10
B13: NUMERATION | C13: 10
B14: OPERATIONS | C14: 10
B15: PROBLEMES | C15: 20
... B26: HISTOIRE | C26: 10

Sheet 4 PRIM
A1: NOM POSTNOM PRENOM | B1: COURS / 4eme | C1: PONDERATION
C2: =+'3 PRIM'!C2 -> P1 | D2: =+'3 PRIM'!D2 -> P2 | E2: =+'3 PRIM'!E2 -> EX | F2: =+'3 PRIM'!F2 -> S1 | G2: =+'3 PRIM'!G2 -> P3 | H2: =+'3 PRIM'!H2 -> P4 | I2: =+'3 PRIM'!I2 -> EX | J2: =+'3 PRIM'!J2 -> S2 | ... O2: =+'3 PRIM'!O2 -> TG
A3: RICHARD TSHIBANGU | B3: EXPRESSION ORALE ET VOCABULAIRE | C3: =+'3 PRIM'!C3 -> 10
B4: GRAMMAIRE ET CONJUGAISON | C4: =+'3 PRIM'!C4 -> 10
B5: ORTHOGRAPHE ET REDACTION | C5: =+'3 PRIM'!C5 -> 5
B6: EXPRESSION ORALE RECITATION ET VOC | C6: =+'3 PRIM'!C6 -> 10
B7: ORTH PHRASE. ECRIT RED | C7: =+'3 PRIM'!C7 -> 10
B8: GRAMMAIRE CONJUGAISON ANALYSE | C8: =+'3 PRIM'!C8 -> 15
B9: MESURES DES GRANDEURS | C9: =+'3 PRIM'!C9 -> 30
B10: FORMES GEOMETRIES | C10: =+'3 PRIM'!C10 -> 30
B11: NUMERATION | C11: =+'3 PRIM'!C11 -> 10
B12: OPERATIONS | C12: =+'3 PRIM'!C12 -> 10
B13: PROBLEMES | C13: =+'3 PRIM'!C13 -> 10
B14: ZOOLOGIE, BOTANIQUE ET INFORMATIQUE | C14: =+'3 PRIM'!C14 -> 10
B15: TECNOLOGIE | C15: =+'3 PRIM'!C15 -> 20
... B24: HISTOIRE | C24: =+'3 PRIM'!C24 -> 10

Sheet 5 PRIM
A1: NOM POSTNOM PRENOM | B1: COURS / CLASSE 5eme | C1: PONDERATION
C2: =+'4 PRIM'!C2 -> P1 | D2: =+'4 PRIM'!D2 -> P2 | E2: =+'4 PRIM'!E2 -> EX | F2: =+'4 PRIM'!F2 -> S1 | G2: =+'4 PRIM'!G2 -> P3 | H2: =+'4 PRIM'!H2 -> P4 | I2: =+'4 PRIM'!I2 -> EX | J2: =+'4 PRIM'!J2 -> S2 | ... O2: =+'4 PRIM'!O2 -> TG
A3: MBUYI NGANDU MICHELLINE | B3: EXPRESSION ORALE ET VOCABULAIRE | C3: 10
B4: GRAMMAIRE ET CONJUGAISON | C4: 10
B5: ORTHOGRAPHE ET REDACTION | C5: 10
B6: EXPRESSION ORALE ET VOCABULAIRE | C6: 10
B7: ORTHOGRAPHE | C7: 10
B8: GRAMMAIRE CONJUGAISON ANALYSE | C8: 20
B9: REDACTION | C9: 10
B10: LANGUE CO. | C10: 20
B11: LANGUE FRA. | C11: 20
B12: FORMES GEOMETRIES | C12: 10
B13: NUMERATION | C13: 10
B14: OPERATIONS | C14: 10
B15: MESURES DE GRANDEURS | C15: 10
... B28: HISTOIRE | C28: 10

Sheet 6 PRIM
A1: NOM POSTNOM PRENOM | B1: COURS / CLASSE 6eme | C1: PONDERATION
C2: ='5 PRIM'!C2 -> P1 | D2: ='5 PRIM'!D2 -> P2 | E2: ='5 PRIM'!E2 -> EX | F2: ='5 PRIM'!F2 -> S1 | G2: ='5 PRIM'!G2 -> P3 | H2: ='5 PRIM'!H2 -> P4 | I2: ='5 PRIM'!I2 -> EX | J2: ='5 PRIM'!J2 -> S2 | ... O2: ='5 PRIM'!O2 -> TG
A3: GEDEON KABAMBA | B3: EXPRESSION ORALE ET VOCABULAIRE | C3: =+'5 PRIM'!C3 -> 10
B4: GRAMMAIRE ET CONJUGAISON | C4: =+'5 PRIM'!C4 -> 10
B5: ORTHOGRAPHE ET REDACTION | C5: =+'5 PRIM'!C5 -> 10
B6: EXPRESSION ORALE ET VOCABULAIRE | C6: =+'5 PRIM'!C6 -> 10
B7: ORTHOGRAPHE | C7: =+'5 PRIM'!C7 -> 10
B8: GRAMMAIRE CONJUGAISON ANALYSE | C8: =+'5 PRIM'!C8 -> 20
B9: REDACTION | C9: =+'5 PRIM'!C9 -> 10
B10: FORMES GEOMETRIES | C10: =+'5 PRIM'!C10 -> 20
B11: NUMERATION | C11: =+'5 PRIM'!C11 -> 20
B12: OPERATIONS | C12: =+'5 PRIM'!C12 -> 10
B13: MESURES DE GRANDEURS | C13: =+'5 PRIM'!C13 -> 10
B14: PROBLEMES | C14: =+'5 PRIM'!C14 -> 10
B15: ZOOLOGIE, PHYSIQUE ET INFORMATIQUE | C15: =+'5 PRIM'!C15 -> 10
... B26: HISTOIRE | C26: =+'5 PRIM'!C26 -> 10

Sheet J. MPOYI
A1: N° | B1: NOM | C1: DISCIPLINE | D1: CLASSE | E1: H | F1: PONDERATION
F2: P1 | G2: P2 | H2: EXA | I2: S1 | J2: P3 | K2: P4 | L2: EXA | M2: S2 | N2: TG
A3: 1 | C3: GEOMETRIE | D3: 1ér SC | E3: 1 | F3: 10
A4: 2 | C4: ALGEBRE | D4: 2ém SC | E4: 4H | F4: 40
A5: 3 | C5: GEOMETRIE | D5: 2ém SC | E5: 2H | F5: 20
A6: 4 | C6: GEOMETRIE | D6: 3ém SC | E6: 2H | F6: 20
A7: 5 | C7: DESSIN SCIENTIFIQUE | D7: 7ém EB | E7: 2H | F7: 20
A8: 6 | C8: PROBABILITE | D8: 4ém SC | E8: 1H | F8: 10
A9: 7 | C9: TRIGONOMETRIE | D9: 1ér SC | E9: 1 | F9: 10
A10: 8 | C10: STATISTIQUE | D10: 3ém SC | E10: 1H | F10: 10
A11: 9 | C11: DESSIN SCIENTIFIQUE | D11: 3ém SC | E11: 1H | F11: 10
A12: 10 | C12: GEOMETRIE | D12: 4ém SC | E12: 2H | F12: 20
A13: 11 | C13: DESSIN SCIENTIFIQUE | D13: 4ém SC | E13: 1H | F13: 10
A14: 12 | C14: ALGEBRE | D14: 4ém SC | E14: 3H | F14: 30
A15: 13 | C15: DESSIN SCIENTIFIQUE | D15: 1ér SC | E15: 1H | F15: 10
A16: 14 | C16: ALGEBRE | D16: 3 sc | E16: 3h | F16: 30
A17: 15 | C17: TRIGONOMETRIE | D17: 3SC | E17: 1H | F17: 10
C18: DESSIN SCIENTIFIQUE | D18: 2SC | E18: 1H | F18: 10
C19: GEOMETRIE | D19: 1SC | E19: 2H | F19: 20
C20: DESSIN SCIENTIFIQUE | D20: 8 | E20: 2H | F20: 20

Sheet C. KADIAYI
A1: N° | B1: NOM | C1: DISCIPLINE | D1: CLASSE | E1: H | F1: PONDERATION
F2: P1 | G2: P2 | H2: EXA | I2: S1 | J2: P3 | K2: P4 | L2: EXA | M2: S2 | N2: TG
A3: 1 | B3: CLEMENT KADIAYI | C3: ALGEBRE | D3: 7ém EB | E3: 4H | F3: 40
A4: 2 | C4: ALGEBRE | D4: 8ém EB | E4: 4H | F4: 40
A5: 3 | C5: STATISTIQUE | D5: 7ém EB | E5: 1H | F5: 10
A6: 4 | C6: STATISTIQUE | D6: 8ém EB | E6: 1H | F6: 10
A7: 5 | C7: ARTHMETIQUE | D7: 7ém EB | E7: 1H | F7: 10
A8: 6 | C8: GEOMETRIE | D8: 7ém EB | E8: 2H | F8: 20
A9: 7 | C9: SCIENCE CHIMIQUE | D9: 8ém EB | E9: 1H | F9: 10
A10: 8 | C10: STATISTIQUE | D10: 1ér SC | E10: 1H | F10: 10
A11: 9 | C11: STATISTIQUE | D11: 2ém SC | E11: 1H | F11: 10
A12: 10 | C12: ECOLOGIE | D12: 3ém SC | E12: 2H | F12: 20
A13: 11 | C13: GEOLOGIE | D13: 3ém SC | E13: 2H | F13: 20
A14: 12 | C14: BIOLOGIE | D14: 3ém SC | E14: 2H | F14: 20
A15: 13 | C15: CHIMIE | D15: 3ém SC | E15: 3H | F15: 30
... A19: 17 | C19: probabilite | D19: 2ém SC | E19: 1H | F19: 10

Sheet D. NGOY
A1: N° | B1: NOM | C1: DISCIPLINE | D1: CLASSE | E1: H | F1: PONDERATION
F2: P1 | G2: P2 | H2: EXA | I2: S1 | J2: P3 | K2: P4 | L2: EXA | M2: S2 | N2: TG
A3: 1 | B3: NGOY WA NGOY DECABLOT | C3: ZOLOGIE | D3: 7ém EB | E3: 2H | F3: 20
A4: 2 | C4: ZOLOGIE | D4: 8ém EB | E4: 2H | F4: 20
A5: 3 | C5: BOTANIQUE | D5: 7ém EB | E5: 1H | F5: 10
A6: 4 | C6: BOTANIQUE | D6: 8ém EB | E6: 1H | F6: 10
A7: 5 | C7: ANATOMIE | D7: 7ém EB | E7: 1H | F7: 10
A8: 6 | C8: ANATOMIE | D8: 7ém EB | E8: 1H | F8: 10
A9: 7 | C9: TECHNOLOGIE | D9: 8ém EB | E9: 1H | F9: 10
A10: 8 | C10: TECHNOLOGIE | D10: 1ér SC | E10: 1H | F10: 10
A11: 9 | C11: EDUCATION A LA VIE | D11: 2ém SC | E11: 2H | F11: 20
A12: 10 | C12: EDUCATION A LA VIE | D12: 7ém EB | E12: 1H | F12: 10
A13: 11 | C13: CHIEMIE | D13: 2ém SC | E13: 3H | F13: 30
A14: 12 | C14: CHIMIE | D14: 1ér SC | E14: 3H | F14: 30
A15: 13 | C15: MICROBIOLOGIE | D15: 2 SC | E15: 1H | F15: 10
... A19: 17 | C19: ECOLOGIE | D19: 2ém SC | E19: 1H | F19: 10
C20: CHIEMIE | D20: 4ém SC | E20: 3H | F20: 30
C21: ECOLOGIE | D21: 4ém SC | E21: 2H | F21: 20
C22: SVC | D22: 3ém SC | E22: 2H | F22: 20

Sheet G. BEYA
A1: N° | B1: NOM | C1: DISCIPLINE | D1: CLASSE | E1: H | F1: PONDERATION
F2: P1 | G2: P2 | H2: EXA | I2: S1 | J2: P3 | K2: P4 | L2: EXA | M2: S2 | N2: TG
A3: 1 | B3: BEYA TSHILENGE GABRIEL | C3: HISTOIRE | D3: 7ém EB | E3: 2H | F3: 20
A4: 2 | C4: HISTOIRE | D4: 8ém EB | E4: 2H | F4: 20
A5: 3 | C5: CIVISME | D5: 8ém EB | E5: 2H | F5: 20
A6: 4 | C6: HISTOIRE | D6: 8ém EB | E6: 2H | F6: 20
A7: 5 | C7: GEO ECONOMIQUE | D7: 1ér CG | E7: 1H | F7: 10
A8: 6 | C8: GEO ECONOMIQUE | D8: 2ém CG | E8: 1H | F8: 10
A9: 7 | C9: GEO ECONOMIQUE | D9: 3ém CG | E9: 1H | F9: 10
A10: 8 | C10: CIVISME | D10: 1ér TOUS | E10: 1H | F10: 10
A11: 9 | C11: CIVISME | D11: 2ém TOUS | E11: 1H | F11: 10
A12: 10 | C12: CIVISME | D12: 3ém TOUS | E12: 1H | F12: 10
A13: 11 | C13: CIVISME | D13: 4ém TOUS | E13: 2H | F13: 10
A14: 12 | C14: DROIT | D14: 1ér CG | E14: 1H | F14: 20
A15: 13 | C15: DROIT | D15: 2ém CG | E15: 2H | F15: 20
... A18: 16 | C18: HISTOIRE | D18: 3ém TOUS | E18: 2H | F18: 20
A19: 17

Sheet A. KADJIBA
A1: N° | B1: NOM | C1: DISCIPLINE | D1: CLASSE | E1: H | F1: PONDERATION
F2: P1 | G2: P2 | H2: EXA | I2: S1 | J2: P3 | K2: P4 | L2: EXA | M2: S2 | N2: TG
A3: 1 | B3: KADJIBA KYUNGU AUGUSTIN | C3: ANGLAIS | D3: 8ém EB | E3: 3H | F3: 30
A4: 2 | C4: GEOGRAPHIE | D4: 8ém EB | E4: 3H | F4: 30
A5: 3 | C5: ANGLAIS | D5: 2ém TOUS | E5: 4H | F5: 40
A6: 4 | C6: FRANCAIS | D6: 2ém TOUS | E6: 5H | F6: 50
A7: 5 | C7: Correspondance commerciale francaise | D7: 2ém CG | E7: 2H | F7: 20
A8: 6 | C8: LATIN | D8: 2ém L T | E8: 5H | F8: 50
A9: 7 | C9: LATIN | D9: 3ém L T | E9: 5H | F9: 50
A10: 8 | C10: Correspondance commerciale anglaise | D10: 2ém CG | E10: 2H | F10: 20
A11: 9 | C11: PHILOSOPHIE | D11: 4ém HP LT | E11: 2H | F11: 20
A12: 10 | C12: ANGLAIS | D12: 4ém HP LT CG SC | E12: 4H | F12: 40
A13: 11 | C13: ANGLAIS | D13: 4ém TCC | E13: 2H | F13: 20
A14: 12 | C14: Correspondance commerciale anglaise | D14: 4ém CG | E14: 1H | F14: 10
A15: 13 | C15: ANGLAIS | D15: 2ém TCC | E15: 2H | F15: 20
A16: 14
A17: 15
A18: 16
A19: 17

Sheet F. MBUYAMBA
A1: N° | B1: NOM | C1: DISCIPLINE | D1: CLASSE | E1: H | F1: PONDERATION
F2: P1 | G2: P2 | H2: EXA | I2: S1 | J2: P3 | K2: P4 | L2: EXA | M2: S2 | N2: TG
A3: 1 | B3: MBUYAMBA MOLOWAYI FABRICE | C3: FRANCAIS | D3: 7ém EB | E3: 7H | F3: 70
A4: 2 | C4: ANGLAIS | D4: 7ém EB | E4: 3H | F4: 30
A5: 3 | C5: FRANCAIS | D5: 1éTOUS | E5: 5H | F5: 50
A6: 4 | C6: ANGLAIS | D6: 1éTOUS | E6: 4H | F6: 40
A7: 5 | C7: LATIN | D7: 1ér LT | E7: 5H | F7: 50
A8: 6 | C8: ANGLAIS | D8: 3ém MG MA ELEC | E8: 2H | F8: 20
A9: 7 | C9: ANGLAIS | D9: 3ém LT SC CG | E9: 4H | F9: 40
A10: 8 | C10: HISTOIRE | D10: 4ém TOUS | E10: 2H | F10: 20
A11: 9 | C11: Correspondance commerciale anglaise | D11: 1ér CG | E11: 1H | F11: 10
A12: 10 | C12: LATIN | D12: 4ém LT | E12: 5H | F12: 50
A13: 11 | C13: Correspondance commerciale anglaise | D13: 3ém CG | E13: 2H | F13: 20
A14: 12
A15: 13
A16: 14
A17: 15
A18: 16
A19: 17

Sheet CHRISTIN
A1: N° | B1: NOM | C1: DISCIPLINE | D1: CLASSE | E1: H | F1: PONDERATION
F2: P1 | G2: P2 | H2: EXA | I2: S1 | J2: P3 | K2: P4 | L2: EXA | M2: S2 | N2: TG
A3: 1 | B3: MBATSHI SHAMASHANGA CHRISTIN | C3: FRANCAIS | D3: 8ém EB | E3: 5H | F3: 50
A4: 2 | C4: GEOGRAPHIE | D4: 7ém EB | E4: 2H | F4: 30
A5: 3 | C5: SOCAF | D5: 1éTOUS | E5: 2H | F5: 20
A6: 4 | C6: GEOGRAPHIE | D6: 2ém TOUS | E6: 2H | F6: 20
A7: 5 | C7: Correspondance commerciale francaise | D7: 1ér CG | E7: 2H | F7: 20
A8: 6 | C8: GEOGRAPHIE | D8: 2ém TOUS | E8: 2H | F8: 20
A9: 7 | C9: FRANCAIS | D9: 3ém TOUS | E9: 5H | F9: 50
A10: 8 | C10: FRANCAIS | D10: 4ém TOUS | E10: 5H | F10: 50
A11: 9 | C11: GEOGRAPHIE | D11: 4ém HP LT SC | E11: 2H | F11: 20
A12: 10 | C12: DIDACTIQUE GENERALE | D12: 4ém HP | E12: 5H | F12: 50
A13: 11 | C13: Correspondance commerciale francaise | D13: 3ém CG | E13: 2H | F13: 20
A14: 12 | C14: Correspondance commerciale francaise | D14: 4ém CG | E14: 1H | F14: 10
A15: 13 | C15: DROIT | D15: 3ém CG | E15: 2h | F15: 20
A16: 14 | C16: DROIT | D16: 4é CG, TCC | E16: 2h | F16: 20
A17: 15
A18: 16
A19: 17

Sheet J.MUNUNG
A1: N° | B1: NOM | C1: DISCIPLINE | D1: CLASSE | E1: H | F1: PONDERATION
F2: P1 | G2: P2 | H2: EXA | I2: S1 | J2: P3 | K2: P4 | L2: EXA | M2: S2 | N2: TG
A3: 1 | B3: MUNUNG PIMAKO JACKSON | C3: MUSIQUE | D3: 7ém EB | E3: 2H | F3: 20 | H3: =F3*2 -> 40 | I3: =F3 -> 20 | N3: 80
A4: 2 | C4: MUSIQUE | D4: 8ém EB | E4: 2H | F4: 20 | H4: =F4*2 -> 40 | I4: =F4 -> 20 | N4: 160
A5: 3 | C5: TIC | D5: 8ém EB | E5: 1H | F5: 10 | H5: =F5*2 -> 20 | I5: =F5 -> 10 | N5: 160
A6: 4 | C6: TIC | D6: 1é HP SC LT | E6: 1H | F6: 10 | H6: =F6*2 -> 20 | I6: =F6 -> 10 | N6: 160
A7: 5 | C7: TIC | D7: 2ém HP SC LT | E7: 2H | F7: 20 | H7: =F7*2 -> 40 | I7: =F7 -> 20 | N7: 80
A8: 6 | C8: INFORMATIQUE | D8: 1ér CG | E8: 4H | F8: 40 | H8: =F8*2 -> 80 | I8: =F8 -> 40 | N8: 80
A9: 7 | C9: INFORMATIQUE | D9: 4ém CG | E9: 4H | F9: 40 | H9: =F9*2 -> 80 | I9: =F9 -> 40 | N9: 80
A10: 8 | C10: PEDAGOGIE | D10: 1ér HP | E10: 4H | F10: 40 | H10: =F10*2 -> 80 | I10: =F10 -> 40 | N10: 80
A11: 9 | C11: PEDAGOGIE | D11: 2ém HP | E11: 4H | F11: 40 | H11: =F11*2 -> 80 | I11: =F11 -> 40 | N11: 160
A12: 10 | C12: PEDAGOGIE | D12: 3ém HP | E12: 5H | F12: 50 | H12: =F12*2 -> 100 | I12: =F12 -> 50 | N12: 160
A13: 11 | C13: PEDAGOGIE | D13: 4ém HP | E13: 5H | F13: 50 | H13: =F13*2 -> 100 | I13: =F13 -> 50 | N13: 80
A14: 12 | C14: DIDACTIQUE DES DISCIPLINES | D14: 2ém HP | E14: 4H | F14: 40 | H14: =F14*2 -> 80 | I14: =F14 -> 40
A15: 13 | C15: DIDACTIQUE DES DISCIPLINES | D15: 3ém HP | E15: 5H | F15: 50 | H15: =F15*2 -> 100 | I15: =F15 -> 50
A16: 14 | C16: DIDACTIQUE DES DISCIPLINES | D16: 4ém HP | E16: 5H | F16: 50 | H16: =F16*2 -> 100 | I16: =F16 -> 50
A17: 15 | C17: DESSIN PEDAGOGIQUE | D17: 1ér HP | E17: 2H | F17: 20
A18: 16 | C18: DESSIN PEDAGOGIQUE | D18: 2ém HP | E18: 2H | F18: 20
A19: 17 | C19: DESSIN PEDAGOGIQUE | D19: 3ém HP | E19: 5H | F19: 50
C20: DESSIN PEDAGOGIQUE | D20: 4ém HP | E20: 5H | F20: 50
C21: ESTHETIQUE | D21: 3ém SC LT HP | E21: 2H | F21: 20
C22: EPS | D22: 7ém EB | E22: 2H | F22: 20
C23: EPS | D23: 8 EB | E23: 2H | F23: 20

Sheet J.NTUMBA
A1: N° | B1: NOM | C1: DISCIPLINE | D1: CLASSE | E1: H | F1: PONDERATION
F2: P1 | G2: P2 | H2: EXA | I2: S1 | J2: P3 | K2: P4 | L2: EXA | M2: S2 | N2: TG
A3: 1 | B3: NTUMBA MBOWA JOSEPH | C3: MATH | D3: 1éTOUS | E3: 4H | F3: 40
A4: 2 | C4: MATH | D4: 2ém HP LT CG | E4: 4H | F4: 40
A5: 3 | C5: MATH | D5: 3ém HP LT CG | E5: 2H | F5: 20
A6: 4 | C6: MATH | D6: 4ém HP CG LT | E6: 2H | F6: 20
A7: 5 | C7: PHYSIQUE | D7: 2ém HP LT | E7: 2H | F7: 20
A8: 6 | C8: PHYSIQUE | D8: 3ém HP LT | E8: 2H | F8: 20
A9: 7 | C9: METAL | D9: 2ém MA MG | E9: 1H | F9: 10
A10: 8 | C10: TAG | D10: 1é MG MA ELEC | E10: 2H | F10: 20
A11: 9 | C11: TECHNO AUTO | D11: 3ém MA MG | E11: 2H | F11: 20
A12: 10 | C12: METAL | D12: 1é MA MG | E12: 1H | F12: 10
A13: 11 | C13: ELEMENT DE MACHINE | D13: 3ém MA MG | E13: 2H | F13: 20
A14: 12 | C14: ELECTRICITE GENERALE | D14: 1é MA MG ELEC | E14: 3H | F14: 30
A15: 13 | C15: TECHNO AUTO | D15: 1é MG MA ELEC | E15: 2H | F15: 20
A16: 14
A17: 15
A18: 16
A19: 17

Sheet BALTHAZAR
A1: N° | B1: NOM | C1: DISCIPLINE | D1: CLASSE | E1: H | F1: PONDERATION
F2: P1 | G2: P2 | H2: EXA | I2: S1 | J2: P3 | K2: P4 | L2: EXA | M2: S2 | N2: TG
A3: 1 | B3: BALTHAZAR | C3: DI | D3: 3ème | E3: 3H | F3: 30
A4: 2 | C4: MG | D4: 1ème | E4: 3H | F4: 30
A5: 3 | C5: DI | D5: 2è | E5: 4H | F5: 30
A6: 4 | C6: MOTEUR TERMIQUE | D6: 2è | E6: 2H | F6: 20
A7: 5 | C7: TECHNOLOGIE DES MACHINES OUTILS | D7: 2è | E7: 2H | F7: 20
A8: 6 | C8: MG | D8: 2è | E8: 3H | F8: 30
A9: 7 | C9: DI | D9: 1TOUTES | E9: 3H | F9: 30
A10: 8 | C10: ELEMENT DES MACHINES | D10: 3 MA, MG | E10: 2H | F10: 20
A11: 9 | C11: LABO | D11: 1TOUTES | E11: 5H | F11: 50
A12: 10 | C12: MEC APPL | D12: 3èm | E12: 2H | F12: 20
A13: 11 | C13: PHYSIQUE | D13: 1SC | E13: 3H | F13: 30
A14: 12 | C14: PHYSIQUE | D14: 2SC | E14: 3H | F14: 30
A15: 13 | C15: PHYSIQUE | D15: 3SC | E15: 2H | F15: 30
... A19: 17 | C19: ATELIER AJUSTAGE | D19: 1 MA, MG | E19: 5H | F19: 50
C20: PHYSIQUE | D20: 4SC | E20: 3H | F20: 30

Sheet Mm NICLETTE
A1: N° | B1: NOM | C1: DISCIPLINE | D1: CLASSE | E1: H | F1: PONDERATION
F2: P1 | G2: P2 | H2: EXA | I2: S1 | J2: P3 | K2: P4 | L2: EXA | M2: S2 | N2: TG
A3: 1 | B3: NICLETTE NSAMBA | C3: Electronic | D3: 2 EL | E3: 4H | F3: 40
A4: 2 | C4: TE | D4: 1EL | E4: 4H | F4: 40
A5: 3 | C5: EL GE | D5: 1MA, MG | E5: 4H | F5: 40
A6: 4 | C6: EL GE | D6: 2 MA MG | E6: 4H | F6: 40
A7: 5 | C7: TE | D7: 2 ELEC | E7: 4H | F7: 40
A8: 6 | C8: TE | D8: 3 ELE | E8: 4H | F8: 40
A9: 7 | C9: machine elec | D9: 3 ELE | E9: 4H | F9: 40
A10: 8 | C10: DI | D10: 3 ELE | E10: 4H | F10: 40
A11: 9 | C11: DI | D11: 2 ELEC | E11: 4H | F11: 40
A12: 10 | C12: intruit. METH.MESURE | D12: 2 ELEC | E12: 3H | F12: 20
A13: 11 | C13: Electronic | D13: 2 EL | E13: 4H | F13: 40
A14: 12 | C14: atelier electrique | D14: 2EL | E14: 10H | F14: 100
A15: 13 | C15: atelier ajustage | D15: 2EL | E15: 10H | F15: 100
A16: 14 | C16: GEOMETRIE | D16: 8 | E16: 2H | F16: 20
A17: 15
A18: 16
A19: 17

Sheet Mm CLEMENTINE
A1: N° | B1: NOM | C1: DISCIPLINE | D1: CLASSE | E1: H | F1: PONDERATION
F2: P1 | G2: P2 | H2: EXA | I2: S1 | J2: P3 | K2: P4 | L2: EXA | M2: S2 | N2: TG
A3: 1 | B3: CLEMENTINE NGALULA | C3: COUPE | D3: 1TCC | E3: 4H | F3: 40
A4: 2 | C4: Technologie de la specialité | D4: 2TCC | E4: 2H | F4: 20
A5: 3 | C5: Technologie des textiles | D5: 2TCC | E5: 2H | F5: 20
A6: 4 | C6: Dessin artistique | D6: 3TCC | E6: 2H | F6: 20
A7: 5 | C7: Exercices technique | D7: 3TCC | E7: 4H | F7: 40
A8: 6 | C8: ESSAyage moulage | D8: 2TCC | E8: 2H | F8: 20
A9: 7 | C9: travaux menager | D9: 2TCC | E9: 2H | F9: 20
A10: 8 | C10: travaux menager | D10: 3TCC | E10: 2H | F10: 20
A11: 9 | C11: Exercices technique | D11: 4TCC | E11: 4H | F11: 40
A12: 10 | C12: Dessin artistique | D12: 4TCC | E12: 2H | F12: 20
A13: 11 | C13: Education FAMILIALE | D13: 4 TCC | E13: 2H | F13: 20
A14: 12 | C14: ESSAyage moulage | D14: 2 TCC | E14: 2H | F14: 20
A15: 13 | C15: Dessin technique | D15: 4TCC | E15: 4H | F15: 40
... A19: 17 | C19: COUPE | D19: 2 TCC | E19: 4H | F19: 40
C20: Couture artisanale | D20: 1 TCC | E20: 10H | F20: 100
C21: Couture artisanale | D21: 2 TCC | E21: 10H | F21: 100

Sheet Mm JUDITH
A1: N° | B1: NOM | C1: DISCIPLINE | D1: CLASSE | E1: H | F1: PONDERATION
F2: P1 | G2: P2 | H2: EXA | I2: S1 | J2: P3 | K2: P4 | L2: EXA | M2: S2 | N2: TG
A3: 1 | B3: JUDITH NJIBA | C3: COUTURE INDUSTRIELE | D3: 1TCC | E3: 2H | F3: 20
A4: 2 | C4: Dessin technique | D4: 1TCC | E4: 2H | F4: 20
A5: 3 | C5: CIVISME | D5: 7EB | E5: 2H | F5: 20
A6: 4 | C6: Education familliale | D6: 3TCC | E6: 2H | F6: 20
A7: 5 | C7: COUPE | D7: 3TCC | E7: 4H | F7: 40
A8: 6 | C8: Couture artisanale | D8: 3TCC | E8: 4H | F8: 40
A9: 7 | C9: Couture indistrielle | D9: 4TCC | E9: 4H | F9: 40
A10: 8 | C10: Couture artisanale | D10: 4TCC | E10: 4H | F10: 40
A11: 9 | C11: Technologie de la specialité | D11: 4TCC | E11: 2H | F11: 20
A12: 10 | C12: Technologie des textiles | D12: 4TCC | E12: 2H | F12: 20
A13: 11 | C13: ESSAyage moulage | D13: 4TCC | E13: 4H | F13: 40
A14: 12 | C14: Couture indistrielle | D14: 2 TCC | E14: 2H | F14: 20
A15: 13 | C15: Couture indistrielle | D15: 3 TCC | E15: 4H | F15: 40
... A19: 17 | C19: Dessin artistique | D19: 1 TCC | E19: 2H | F19: 20
C20: Dessin artistique | D20: 2 TCC | E20: 2H | F20: 20
C21: COUPE | D21: 4 TCC | E21: 4H | F21: 40
C22: Exercices techniques | D22: 1 TCC | E22: 4H | F22: 40
C23: Exercices techniques | D23: 2 TCC | E23: 4H | F23: 40

Sheet Mr PAUL
A1: N° | B1: NOM | C1: DISCIPLINE | D1: CLASSE | E1: H | F1: PONDERATION
F2: P1 | G2: P2 | H2: EXA | I2: S1 | J2: P3 | K2: P4 | L2: EXA | M2: S2 | N2: TG
A3: 1 | B3: PAUL MEMBA | C3: COMPTABILITE GENERALE | D3: 1CG | E3: 6H | F3: 60
A4: 2 | C4: MATHEMATIQUES FINANCIERES | D4: 1CG | E4: 2H | F4: 20
A5: 3 | C5: Documentation commerciale | D5: 1CG | E5: 3H | F5: 30
A6: 4 | C6: FISCALITE | D6: 2CG | E6: 2H | F6: 20
A7: 5 | C7: COMPTABILITE GENERALE | D7: 3CG | E7: 5H | F7: 40
A8: 6 | C8: DROIT | D8: 4CG | E8: 2H | F8: 20
A9: 7 | C9: FINANCE PUBLIQUE | D9: 4CG | E9: 1H | F9: 10
A10: 8 | C10: Organisation des entreprises | D10: 4CG | E10: 2H | F10: 20
A11: 9
A12: 10
A13: 11
A14: 12
A15: 13
A16: 14
A17: 15
A18: 16
A19: 17
C23: EPS | D23: 8 EB | E23: 1H

Sheet Mr LEDOUX
A1: N° | B1: NOM | C1: DISCIPLINE | D1: CLASSE | E1: H | F1: PONDERATION
F2: P1 | G2: P2 | H2: EXA | I2: S1 | J2: P3 | K2: P4 | L2: EXA | M2: S2 | N2: TG
A3: 1 | B3: LEDOUX KABWE | C3: FISCALITE | D3: 1CG | E3: 2H | F3: 20
A4: 2 | C4: ACTICO | D4: 1CG | E4: 2H | F4: 20
A5: 3 | C5: ACTICO | D5: 2CG | E5: 2H | F5: 20
A6: 4 | C6: ENTRE | D6: 3CG | E6: 2H | F6: 20
A7: 5 | C7: ACTICO | D7: 3CG | E7: 1H | F7: 10
A8: 6 | C8: ACTICO | D8: 4CG | E8: 1H | F8: 10
A9: 7
A10: 8
A11: 9
A12: 10
A13: 11
A14: 12
A15: 13
A16: 14
A17: 15
A18: 16
A19: 17

Sheet Mr JOEL
A1: N° | B1: NOM | C1: DISCIPLINE | D1: CLASSE | E1: H | F1: PONDERATION
F2: P1 | G2: P2 | H2: EXA | I2: S1 | J2: P3 | K2: P4 | L2: EXA | M2: S2 | N2: TG
A3: 1 | B3: Junior Joel NGANDU | C3: Documentation commerciale | D3: 2CG | E3: 3H | F3: 30
A4: 2 | C4: FISCALITE | D4: 3CG | E4: 1H | F4: 10
A5: 3 | C5: Economie de developpement | D5: 4CG | E5: 2H | F5: 20
A6: 4 | C6: Economie politique | D6: 3CG | E6: 2H | F6: 20
A7: 5 | C7: Mathematiques financieres | D7: 3CG | E7: 1H | F7: 10
A8: 6 | C8: Techno. Info & communication | D8: 4GEN | E8: 1H | F8: 10
A9: 7 | C9: Techno. Info & communication | D9: 3GEN | E9: 1H | F9: 10
A10: 8 | C10: Economie politique | D10: 2GEN | E10: 2H | F10: 20
A11: 9 | C11: Comptabilté analytique | D11: 4CG | E11: 4H | F11: 40
A12: 10 | C12: Comptabilté génerale | D12: 2CG | E12: 6H | F12: 60
A13: 11 | C13: OP.des banques et des crédits | D13: 3CG | E13: 1H | F13: 10
A14: 12 | C14: Mathematiques financieres | D14: 3CG | E14: 1H | F14: 10
A15: 13 | C15: Pratique professionnelle | D15: 1 CG | E15: 10H | F15: 100
A16: 14 | C16: Pratique professionnelle | D16: 2 CG | E16: 10H | F16: 100
A17: 15
A18: 16
A19: 17

Sheet Mr MARCEL
A1: N° | B1: NOM | C1: DISCIPLINE | D1: CLASSE | E1: H | F1: PONDERATION
F2: P1 | G2: P2 | H2: EXA | I2: S1 | J2: P3 | K2: P4 | L2: EXA | M2: S2 | N2: TG
A3: 1 | B3: Marcel | C3: TIC | D3: 7EB | E3: 1H | F3: 10
A4: 2 | C4: EDVIE | D4: 8EB | E4: 2H | F4: 20
A5: 3 | C5: PSYCHOLOGIE | D5: 1HP | E5: 4H | F5: 40
A6: 4 | C6: INFORMATIQUE | D6: 2CG | E6: 4H | F6: 40
A7: 5 | C7: PSYCHOLOGIE | D7: 2HP | E7: 4H | F7: 40
A8: 6 | C8: DIDACTIQUE DES DISCIPLINES | D8: 4HP | E8: 40H | F8: 10
A9: 7 | C9: INFORMATIQUE | D9: 3CG | E9: 4H | F9: 40
A10: 8 | C10: PSYCHOLOGIE | D10: 4HP | E10: 5H | F10: 50
A11: 9 | C11: PSYCHOLOGIE | D11: 3HP | E11: 5H | F11: 50
A12: 10 | C12: DIDACTIQUE GENERALE | D12: 3HP | E12: 5H | F12: 50
A13: 11 | C13: PRATIQUE D ENSEIGNEMENT | D13: 3HP | E13: 10H | F13: 100
A14: 12
A15: 13
A16: 14
A17: 15
A18: 16
A19: 17
